<?xml version="1.0" encoding="UTF-8"?>
<project-private xmlns="http://www.netbeans.org/ns/project-private/1">
    <editor-bookmarks xmlns="http://www.netbeans.org/ns/editor-bookmarks/2" lastBookmarkId="0"/>
    <open-files xmlns="http://www.netbeans.org/ns/projectui-open-files/2">
        <group>
            <file>file:/C:/xampp/htdocs/mel-medica/navbar.html</file>
            <file>file:/C:/xampp/htdocs/mel-medica/pages/homepage/homepage.js</file>
            <file>file:/C:/xampp/htdocs/mel-medica/Index.css</file>
            <file>file:/C:/xampp/htdocs/mel-medica/pages/home/home.js</file>
            <file>file:/C:/xampp/htdocs/mel-medica/pages/aboutUs/aboutUs.html</file>
            <file>file:/C:/xampp/htdocs/mel-medica/pages/homepage/homepage.html</file>
            <file>file:/C:/xampp/htdocs/mel-medica/main.js</file>
            <file>file:/C:/xampp/htdocs/mel-medica/pages/home/home.html</file>
            <file>file:/C:/xampp/htdocs/mel-medica/index.html</file>
            <file>file:/C:/xampp/htdocs/mel-medica/pages/homepage/hotlist.html</file>
            <file>file:/C:/xampp/htdocs/mel-medica/pages/homepage/produk.html</file>
        </group>
    </open-files>
</project-private>
