<?xml version="1.0" encoding="UTF-8"?>
<project-private xmlns="http://www.netbeans.org/ns/project-private/1">
    <editor-bookmarks xmlns="http://www.netbeans.org/ns/editor-bookmarks/2" lastBookmarkId="0"/>
    <open-files xmlns="http://www.netbeans.org/ns/projectui-open-files/2">
        <group>
            <file>file:/C:/xampp/htdocs/mel-medica/pages/admin/admin.js</file>
            <file>file:/C:/xampp/htdocs/mel-medica/pages/Produk/category.html</file>
            <file>file:/C:/xampp/htdocs/mel-medica/pages/admin/admin.html</file>
            <file>file:/C:/xampp/htdocs/mel-medica/pages/homepage/homepage.js</file>
            <file>file:/C:/xampp/htdocs/mel-medica/Index.css</file>
            <file>file:/C:/xampp/htdocs/mel-medica/pages/aboutUs/aboutUs.html</file>
            <file>file:/C:/xampp/htdocs/mel-medica/pages/homepage/homepage.html</file>
            <file>file:/C:/xampp/htdocs/mel-medica/pages/Login/Login.js</file>
            <file>file:/C:/xampp/htdocs/mel-medica/index.html</file>
            <file>file:/C:/xampp/htdocs/mel-medica/pages/Produk/produk.html</file>
            <file>file:/C:/xampp/htdocs/mel-medica/pages/Produk/produk.js</file>
            <file>file:/C:/xampp/htdocs/mel-medica/pages/Produk/product-list.html</file>
            <file>file:/C:/xampp/htdocs/mel-medica/navbar.html</file>
            <file>file:/C:/xampp/htdocs/mel-medica/services/produk.php</file>
            <file>file:/C:/xampp/htdocs/mel-medica/pages/Login/Login.html</file>
            <file>file:/C:/xampp/htdocs/mel-medica/main.js</file>
            <file>file:/C:/xampp/htdocs/mel-medica/Image/ice.jpg</file>
            <file>file:/C:/xampp/htdocs/mel-medica/services/slider.php</file>
            <file>file:/C:/xampp/htdocs/mel-medica/services/category.php</file>
            <file>file:/C:/xampp/htdocs/mel-medica/pages/homepage/hotlist.html</file>
        </group>
    </open-files>
</project-private>
